boat_order,races,avg_payout,max_payout,avg_net_profit
1-6-2,140,11636.214285714286,67240.0,11536.214285714286
3-1-4,139,9790.647482014389,39140.0,9690.647482014389
3-1-2,138,8969.782608695652,25590.0,8869.782608695652
3-1-5,137,11050.87591240876,49910.0,10950.87591240876
1-5-4,137,11012.408759124088,109590.0,10912.408759124088
2-3-1,131,11432.824427480917,51900.0,11332.824427480917
3-2-4,121,14477.685950413223,95210.0,14377.685950413223
4-1-5,120,12573.083333333334,33810.0,12473.083333333334
3-4-1,119,13241.26050420168,103640.0,13141.26050420168
1-6-3,112,13416.339285714286,88910.0,13316.339285714286
2-1-5,112,10113.125,29180.0,10013.125
1-5-2,112,9870.625,37540.0,9770.625
2-4-1,107,13739.158878504673,97340.0,13639.158878504673
1-5-6,107,11390.467289719627,41610.0,11290.467289719627
3-4-2,106,19227.075471698114,123440.0,19127.075471698114
2-1-3,106,10709.905660377359,48210.0,10609.905660377359
2-1-4,105,8342.190476190477,20330.0,8242.190476190477
5-1-2,104,16298.076923076924,109280.0,16198.076923076924
3-2-1,104,14063.557692307691,76280.0,13963.557692307691
1-5-3,104,10611.346153846154,68040.0,10511.346153846154
5-1-3,103,17992.718446601943,148590.0,17892.718446601943
4-1-2,103,13358.252427184467,99500.0,13258.252427184467
1-6-4,98,13737.857142857143,44140.0,13637.857142857143
4-3-1,97,17966.494845360823,92120.0,17866.494845360823
2-3-4,96,16401.458333333332,64820.0,16301.458333333334
5-1-4,95,18687.473684210527,102120.0,18587.473684210527
4-2-1,94,14957.659574468085,61850.0,14857.659574468085
3-1-6,94,12798.829787234043,57600.0,12698.829787234043
4-1-6,93,13590.860215053763,80820.0,13490.860215053763
4-1-3,93,13489.677419354839,54100.0,13389.677419354839
1-2-6,93,9907.20430107527,28710.0,9807.20430107527
2-4-3,92,15358.260869565218,87650.0,15258.260869565218
1-6-5,92,14175.760869565218,147080.0,14075.760869565218
3-2-5,91,15364.945054945056,63710.0,15264.945054945056
2-5-1,90,19933.666666666668,201040.0,19833.666666666668
3-5-1,90,18408.777777777777,106480.0,18308.777777777777
1-4-6,89,10029.213483146068,60680.0,9929.213483146068
2-3-5,88,17559.43181818182,97400.0,17459.43181818182
4-5-1,86,16907.20930232558,134670.0,16807.20930232558
5-4-1,85,25339.176470588234,159280.0,25239.176470588234
4-5-6,85,19231.647058823528,88220.0,19131.647058823528
5-2-1,83,20928.55421686747,109470.0,20828.55421686747
4-2-5,83,15881.927710843374,79740.0,15781.927710843374
3-4-6,82,18757.439024390245,133780.0,18657.439024390245
2-1-6,82,12066.219512195123,43210.0,11966.219512195123
1-3-6,82,9747.073170731708,38320.0,9647.073170731708
3-2-6,81,18292.345679012345,105330.0,18192.345679012345
4-5-3,78,22898.589743589742,112320.0,22798.589743589742
4-3-5,77,25103.506493506495,234130.0,25003.506493506495
3-4-5,77,14241.818181818182,52040.0,14141.818181818182
5-1-6,76,23455.657894736843,127180.0,23355.657894736843
4-2-6,74,22855.675675675677,201690.0,22755.675675675677
3-5-2,73,26775.068493150684,200280.0,26675.068493150684
3-5-4,73,24033.287671232876,127700.0,23933.287671232876
2-4-5,73,17978.76712328767,113730.0,17878.76712328767
4-6-2,72,27820.416666666668,164980.0,27720.416666666668
2-5-4,71,24205.211267605635,105030.0,24105.211267605635
2-5-3,70,22982.428571428572,265740.0,22882.428571428572
1-4-5,70,9853.857142857143,54130.0,9753.857142857143
6-1-2,69,30745.942028985508,141640.0,30645.942028985508
2-3-6,69,19230.434782608696,80660.0,19130.434782608696
2-4-6,66,21359.545454545456,96380.0,21259.545454545456
1-4-3,66,8286.969696969696,21800.0,8186.969696969697
4-3-2,65,26555.69230769231,188190.0,26455.69230769231
3-6-1,65,20866.76923076923,77370.0,20766.76923076923
4-2-3,64,20110.9375,77500.0,20010.9375
2-6-1,63,23800.0,90330.0,23700.0
5-4-6,62,28788.387096774193,148600.0,28688.387096774193
1-4-2,62,8784.677419354839,29690.0,8684.677419354839
5-2-3,61,29715.90163934426,230690.0,29615.90163934426
4-6-5,61,21589.016393442624,109140.0,21489.016393442624
4-5-2,61,15829.344262295082,52510.0,15729.344262295082
1-2-5,60,8520.833333333334,21010.0,8420.833333333334
5-2-4,57,37702.80701754386,183200.0,37602.80701754386
3-6-4,56,31291.785714285714,376690.0,31191.785714285714
4-6-1,56,24551.964285714286,83760.0,24451.964285714286
4-3-6,55,27774.545454545456,220490.0,27674.545454545456
1-3-5,53,8866.981132075472,29390.0,8766.981132075472
5-3-2,52,33351.730769230766,224220.0,33251.730769230766
6-1-3,51,34081.76470588235,255000.0,33981.76470588235
6-1-4,51,30632.352941176472,175210.0,30532.352941176472
2-5-6,50,31600.6,126040.0,31500.6
3-5-6,49,26457.95918367347,139720.0,26357.95918367347
5-2-6,48,30757.708333333332,168620.0,30657.708333333332
5-4-3,47,28891.702127659573,128880.0,28791.702127659573
5-3-1,47,27092.340425531915,186160.0,26992.340425531915
5-6-1,46,27221.739130434784,126470.0,27121.739130434784
1-3-4,43,8504.418604651162,22030.0,8404.418604651162
2-6-3,42,27130.47619047619,186060.0,27030.47619047619
5-3-4,39,42563.58974358974,182120.0,42463.58974358974
6-2-1,39,34839.230769230766,256790.0,34739.230769230766
5-4-2,39,31967.94871794872,184620.0,31867.94871794872
5-6-2,38,35560.26315789474,188880.0,35460.26315789474
5-3-6,38,34799.47368421053,259060.0,34699.47368421053
4-6-3,38,32736.842105263157,272180.0,32636.842105263157
2-6-5,38,25173.42105263158,81440.0,25073.42105263158
2-6-4,35,48180.0,309550.0,48080.0
5-6-4,34,34443.23529411765,128560.0,34343.23529411765
3-6-2,34,30382.941176470587,153260.0,30282.941176470587
6-1-5,32,30894.375,259950.0,30794.375
6-4-1,32,30151.25,197260.0,30051.25
3-6-5,32,19199.375,84610.0,19099.375
6-2-3,31,56992.903225806454,336710.0,56892.903225806454
5-6-3,31,45357.096774193546,202360.0,45257.096774193546
6-4-2,30,52499.333333333336,319360.0,52399.333333333336
6-4-5,30,33757.0,105340.0,33657.0
1-2-4,30,7626.333333333333,18200.0,7526.333333333333
6-2-5,29,46072.75862068965,263570.0,45972.75862068965
6-5-1,27,59835.555555555555,421190.0,59735.555555555555
1-3-2,26,6816.153846153846,12130.0,6716.153846153846
6-5-4,25,84346.8,302410.0,84246.8
6-3-1,25,34956.4,148390.0,34856.4
6-3-4,24,58581.25,501250.0,58481.25
6-3-2,23,70419.13043478261,292980.0,70319.13043478261
6-3-5,22,52669.09090909091,345080.0,52569.09090909091
6-2-4,21,43827.142857142855,142170.0,43727.142857142855
6-4-3,20,27524.0,110720.0,27424.0
6-5-2,18,36877.22222222222,158020.0,36777.22222222222
1-2-3,16,7538.125,10890.0,7438.125
6-5-3,15,76092.0,206390.0,75992.0
