course_order_result,races,avg_payout,max_payout
3-1-4,149,9989.865771812081,43400.0
3-1-5,147,11035.78231292517,76960.0
1-5-4,147,10733.333333333334,109590.0
3-1-2,144,9209.166666666666,49150.0
4-1-5,136,13307.132352941177,50390.0
3-4-1,134,12950.44776119403,103640.0
2-3-1,131,11948.320610687022,51900.0
1-5-2,130,10058.538461538461,43320.0
3-2-4,127,15402.36220472441,95210.0
1-6-2,127,12597.952755905511,67240.0
2-1-5,122,11034.508196721312,63750.0
5-1-2,121,17555.206611570247,107160.0
1-5-3,121,10085.537190082645,43380.0
5-1-3,117,19363.760683760684,148590.0
3-4-2,117,18716.923076923078,123440.0
2-3-4,117,15343.675213675213,64820.0
3-2-1,117,13782.222222222223,76280.0
2-4-1,116,15164.310344827587,201040.0
1-5-6,116,11838.189655172413,41610.0
4-1-2,115,12731.130434782608,99500.0
5-1-4,113,18370.796460176993,102120.0
4-3-1,111,16855.315315315314,92120.0
2-1-3,111,10506.396396396396,48210.0
2-1-4,111,8522.162162162162,22960.0
4-2-1,109,16311.009174311926,102260.0
1-6-3,108,13761.018518518518,88910.0
4-5-6,105,19744.571428571428,121970.0
4-1-3,105,13775.047619047618,82730.0
1-4-6,103,10524.660194174758,60680.0
3-5-1,102,18650.980392156864,106480.0
3-4-5,101,15021.881188118812,71980.0
4-1-6,101,14736.138613861385,109280.0
4-5-1,100,16699.7,134670.0
2-4-3,99,18222.52525252525,265740.0
5-4-1,98,24850.918367346938,150310.0
3-2-5,97,16295.876288659794,112760.0
1-6-4,96,13416.145833333334,68040.0
4-3-5,95,23692.0,234130.0
1-2-6,95,9711.052631578947,23990.0
2-3-5,92,16586.195652173912,86040.0
4-2-5,92,16417.717391304348,79740.0
3-5-4,91,23161.75824175824,127700.0
2-5-1,89,19294.719101123595,67210.0
5-2-1,88,17985.454545454544,109470.0
2-4-5,88,16404.204545454544,113730.0
3-1-6,87,13350.344827586207,57600.0
1-3-6,87,10053.218390804597,38320.0
5-1-6,86,26251.279069767443,259950.0
4-5-3,85,19790.823529411766,112320.0
2-1-6,85,13232.470588235294,49920.0
1-6-5,83,16249.156626506025,147080.0
3-2-6,82,19441.09756097561,132420.0
3-5-2,81,26571.604938271605,200280.0
4-5-2,78,17055.128205128207,177670.0
3-4-6,77,20265.714285714286,133780.0
1-4-5,75,9826.4,54130.0
1-4-3,75,8289.866666666667,21800.0
4-6-2,73,29922.328767123287,216620.0
4-2-3,73,18466.301369863013,77500.0
4-3-2,72,26030.277777777777,188190.0
2-5-4,72,24427.083333333332,105030.0
2-5-3,72,20482.36111111111,113230.0
4-2-6,71,25044.788732394365,201690.0
5-2-3,70,34125.0,336710.0
1-4-2,68,8533.970588235294,25880.0
1-2-5,66,9102.121212121212,28710.0
5-4-6,64,30076.40625,148600.0
2-4-6,64,22304.0625,96380.0
1-3-5,64,9172.34375,29390.0
5-2-4,60,33395.166666666664,154120.0
5-6-1,60,27119.5,126470.0
2-3-6,60,21913.666666666668,142760.0
4-6-1,57,23765.263157894737,83760.0
1-3-4,57,7716.315789473684,20570.0
5-2-6,56,38213.57142857143,249300.0
6-1-2,55,32881.818181818184,141640.0
4-3-6,54,32346.296296296296,345080.0
3-6-1,54,23094.62962962963,77370.0
4-6-5,54,21803.51851851852,109140.0
5-3-2,53,35572.264150943396,224220.0
5-3-1,52,28544.423076923078,186160.0
2-5-6,50,29222.8,110690.0
5-4-3,49,32203.469387755104,182120.0
3-6-4,47,36432.12765957447,376690.0
5-4-2,47,31832.340425531915,184620.0
3-5-6,46,22810.869565217392,139720.0
2-6-1,45,23992.222222222223,90330.0
5-3-4,44,39106.36363636364,138200.0
5-6-4,43,43015.58139534884,254270.0
2-6-5,41,31031.70731707317,127190.0
6-1-3,40,47344.75,343980.0
5-3-6,38,38710.52631578947,259060.0
5-6-2,38,36996.57894736842,188880.0
4-6-3,36,36542.77777777778,272180.0
1-2-4,36,7664.722222222223,18200.0
2-6-3,35,29424.285714285714,186060.0
3-6-5,35,22326.571428571428,84610.0
2-6-4,33,44234.545454545456,309550.0
3-6-2,31,31518.064516129034,153260.0
1-3-2,31,6921.935483870968,12840.0
6-1-4,30,37238.333333333336,175210.0
6-2-1,29,49053.793103448275,256790.0
5-6-3,29,48911.724137931036,202360.0
6-4-5,25,32066.4,105340.0
6-1-5,25,24147.6,87450.0
6-2-3,23,59066.086956521736,230690.0
1-2-3,22,7306.363636363636,11910.0
6-4-2,21,68825.71428571429,319360.0
6-5-1,21,60607.619047619046,421190.0
6-3-1,20,42613.5,148390.0
6-4-1,20,35853.5,197260.0
6-2-5,19,63717.89473684211,263570.0
6-3-2,17,79325.88235294117,292980.0
6-2-4,17,47597.05882352941,142170.0
6-3-5,17,44535.882352941175,179250.0
6-5-2,17,39949.41176470588,110480.0
6-5-4,15,93107.33333333333,302410.0
6-4-3,15,63840.0,501250.0
6-3-4,15,51221.333333333336,213090.0
6-5-3,13,82561.53846153847,206390.0
