stadium_number,stadium_name,high_payout_races,avg_payout,max_payout
16,児島,443,19451.851015801356,289910.0
1,桐生,412,18626.40776699029,256790.0
10,三国,404,20251.856435643564,336710.0
6,浜名湖,392,20405.45918367347,345080.0
9,津,389,19806.42673521851,200280.0
5,多摩川,376,17630.771276595744,148390.0
2,戸田,376,15826.728723404256,121380.0
15,丸亀,367,19641.117166212534,187460.0
21,芦屋,362,20983.342541436465,319360.0
4,平和島,358,16175.698324022347,184620.0
8,常滑,354,22535.87570621469,302410.0
11,びわこ,348,20101.293103448275,220490.0
3,江戸川,342,16912.92397660819,197220.0
13,尼崎,340,19215.058823529413,230690.0
24,大村,338,20194.082840236686,272180.0
18,徳山,336,22383.333333333332,265740.0
17,宮島,334,19264.28143712575,171940.0
14,鳴門,334,16620.08982035928,159280.0
20,若松,330,20030.60606060606,175210.0
7,蒲郡,326,21573.159509202455,376690.0
12,住之江,319,19424.45141065831,501250.0
23,唐津,298,22563.959731543626,209780.0
22,福岡,276,22005.108695652172,421190.0
19,下関,243,19090.57613168724,145330.0
