place1_boat_no,place1_class_label_est,races,avg_payout,max_payout,avg_motor_top2,avg_motor_top3,avg_avg_st,avg_age,avg_weight
3.0,B1,834,19338.764988009592,376690.0,32.21088729016787,48.01803357314149,0.17310551558752998,39.828537170263786,52.132494004796165
1.0,B1,739,11582.246278755074,147080.0,31.921515561569688,47.906603518267936,0.17458728010825442,41.10825439783491,52.442895805142086
2.0,B1,731,19287.277701778385,309550.0,32.13975376196991,48.11593707250342,0.1723392612859097,40.3406292749658,52.18084815321477
4.0,B1,710,23474.774647887323,272180.0,32.572873239436625,48.88298591549295,0.17230985915492958,39.18732394366197,52.004507042253515
3.0,A2,463,13604.946004319654,96720.0,32.01429805615551,47.811684665226785,0.1578401727861771,39.85745140388769,52.173650107991364
5.0,B1,457,37487.943107221006,259060.0,32.95625820568928,49.12098468271335,0.17148796498905908,38.439824945295406,52.188840262582055
3.0,A1,456,14083.530701754386,153260.0,33.751008771929826,49.88813596491229,0.14625,39.39254385964912,51.92763157894737
1.0,A1,436,9256.720183486239,39970.0,32.616513761467886,48.74227064220184,0.1448165137614679,38.36926605504587,51.742431192660554
2.0,A2,432,16132.337962962964,111180.0,31.19710648148148,46.945717592592594,0.159375,39.96296296296296,51.91180555555556
4.0,A2,422,14983.24644549763,112320.0,32.43182464454976,48.313720379146915,0.15895734597156397,38.699052132701425,52.05616113744076
4.0,A1,417,15503.573141486811,89750.0,33.128872901678655,49.3099520383693,0.14374100719424462,38.805755395683455,51.74172661870504
2.0,A1,407,14741.597051597051,217490.0,33.5565601965602,50.25734643734644,0.14633906633906635,39.15970515970516,51.95307125307126
1.0,A2,394,10369.619289340102,68040.0,32.21573604060914,48.539949238578686,0.1587055837563452,40.82741116751269,52.10710659898477
5.0,A1,380,18211.026315789473,188880.0,34.24873684210527,50.83639473684211,0.14471052631578948,38.76052631578948,51.95
5.0,A2,329,21714.164133738603,182690.0,32.58756838905775,48.65036474164133,0.15750759878419454,40.422492401215806,52.2419452887538
6.0,A1,270,26976.814814814814,254270.0,32.75903703703704,49.092814814814815,0.1454074074074074,40.162962962962965,52.101851851851855
6.0,B1,173,68533.93063583814,501250.0,30.451213872832373,47.07699421965318,0.17179190751445086,39.028901734104046,51.963005780346826
6.0,A2,170,39951.470588235294,289910.0,32.69894117647058,48.3104705882353,0.15829411764705884,39.15882352941176,51.99411764705882
1.0,B2,60,11873.0,43380.0,30.288,44.86466666666667,0.19181818181818183,32.95,50.361666666666665
2.0,B2,54,19805.37037037037,132320.0,34.175185185185185,50.14185185185185,0.18469387755102043,35.51851851851852,50.92777777777778
5.0,B2,46,37504.13043478261,230690.0,35.41652173913044,51.05804347826087,0.17804878048780487,31.347826086956523,51.06521739130435
4.0,B2,45,27995.555555555555,171940.0,33.59777777777778,48.275555555555556,0.18375,29.355555555555554,51.04222222222222
3.0,B2,42,19050.47619047619,103640.0,28.637857142857143,42.62714285714286,0.17487179487179488,34.023809523809526,50.80952380952381
6.0,B2,18,68036.11111111111,255000.0,27.746111111111112,41.56055555555556,0.193,26.833333333333332,49.849999999999994
